{
	"format_version": "1.8.0",
	"animations": {
		"animation.player.katana": {
			"animation_length": 2.125,
			"bones": {
				"Head": {
					"position": {
						"0.0": {
							"vector": [0, -2, 0]
						},
						"0.5": {
							"vector": [0, -2, 0]
						},
						"0.625": {
							"vector": [0, -2, 6]
						},
						"0.75": {
							"vector": [0, -2, 0]
						}
					}
				},
				"Body": {
					"rotation": {
						"0.0": {
							"vector": [0, 0, 0]
						},
						"0.5": {
							"vector": [0, 0, 0]
						},
						"0.625": {
							"vector": [-27.5, 0, 0]
						},
						"0.75": {
							"vector": [0, 0, 0]
						}
					},
					"position": {
						"0.0": {
							"vector": [0, -1, 0]
						},
						"0.5": {
							"vector": [0, -1, 0]
						},
						"0.625": {
							"vector": [0, -1, 5]
						},
						"0.75": {
							"vector": [0, -1, 0]
						}
					}
				},
				"RightArm": {
					"rotation": {
						"0.0": {
							"vector": [-28.41356, -42.74139, 15.49311]
						},
						"0.0833": {
							"vector": [-127.25946, -60.78206, 53.34057]
						},
						"0.375": {
							"vector": [17.49078, -14.29354, 87.0949],
							"easing": "easeInBounce",
							"easingArgs": [0.5]
						},
						"0.625": {
							"vector": [-113.58334, 63.19053, 82.6902]
						},
						"0.75": {
							"vector": [-29.07742, -28.83309, 10.53006]
						}
					}
				},
				"LeftArm": {
					"rotation": {
						"0.0": {
							"vector": [-30.38056, 61.15116, 40.26524]
						},
						"0.625": {
							"vector": [-178.04661, 28.65753, -12.6112]
						},
						"0.75": {
							"vector": [-53.04661, 28.65753, -12.6112]
						}
					},
					"position": {
						"vector": [-3, 0, 0]
					}
				},
				"RightLeg": {
					"rotation": {
						"vector": [0, 20, 0]
					}
				}
			}
		}
	}
}